"Name","Function Name","Location","Type","Namespace","Source","Reference Count","Offcut Ref Count","Original Imported Name"
"FUN_00401000","FUN_00401000","00401000","Function","Global","Default","4","0",""
"FUN_00401140","FUN_00401140","00401140","Function","Global","Default","2","0",""
"FUN_004012c0","FUN_004012c0","004012c0","Function","Global","Default","4","0",""
"entry","entry","004014c0","Function","Global","Imported","2","0",""
"FUN_00401b20","FUN_00401b20","00401b20","Function","Global","Default","3","0",""
"FUN_00401cd0","FUN_00401cd0","00401cd0","Function","Global","Default","1","0",""
"FUN_00402450","FUN_00402450","00402450","Function","Global","Default","2","0",""
"FUN_004025e0","FUN_004025e0","004025e0","Function","Global","Default","2","0",""
"FUN_00402890","FUN_00402890","00402890","Function","Global","Default","1","0",""
"FUN_00402ad0","FUN_00402ad0","00402ad0","Function","Global","Default","1","0",""
"FUN_00402b70","FUN_00402b70","00402b70","Function","Global","Default","1","0",""
"FUN_00402c90","FUN_00402c90","00402c90","Function","Global","Default","1","0",""
"FUN_00402d50","FUN_00402d50","00402d50","Function","Global","Default","4","0",""
"FUN_00402e70","FUN_00402e70","00402e70","Function","Global","Default","2","0",""
"FUN_00402fd0","FUN_00402fd0","00402fd0","Function","Global","Default","1","0",""
"FUN_00403090","FUN_00403090","00403090","Function","Global","Default","1","0",""
"FUN_00403190","FUN_00403190","00403190","Function","Global","Default","1","0",""
"FUN_004031c0","FUN_004031c0","004031c0","Function","Global","Default","1","0",""
"FUN_004031f0","FUN_004031f0","004031f0","Function","Global","Default","1","0",""
"FUN_00403210","FUN_00403210","00403210","Function","Global","Default","1","0",""
"FUN_00403260","FUN_00403260","00403260","Function","Global","Default","2","0",""
"FUN_00403290","FUN_00403290","00403290","Function","Global","Default","3","0",""
"thunk_FUN_00402e70","thunk_FUN_00402e70","004032c0","Thunk Function","Global","Default","5","0",""
"FUN_004032d0","FUN_004032d0","004032d0","Function","Global","Default","1","0",""
"FUN_004033f0","FUN_004033f0","004033f0","Function","Global","Default","1","0",""
"FUN_00403560","FUN_00403560","00403560","Function","Global","Default","2","0",""
"FUN_00403580","FUN_00403580","00403580","Function","Global","Default","6","0",""
"ExceptionList","","ffdff000","Data Label","Global","Analysis","1","0",""
"StackBase","","ffdff004","Data Label","Global","Analysis","0","0",""
"StackLimit","","ffdff008","Data Label","Global","Analysis","0","0",""
"SubSystemTib","","ffdff00c","Data Label","Global","Analysis","0","0",""
"FiberData","","ffdff010","Data Label","Global","Analysis","0","0",""
"ArbitraryUserPointer","","ffdff014","Data Label","Global","Analysis","0","0",""
"Self","","ffdff018","Data Label","Global","Analysis","1","0",""
"EnvironmentPointer","","ffdff01c","Data Label","Global","Analysis","0","0",""
"ClientId","","ffdff020","Data Label","Global","Analysis","0","0",""
"ActiveRpcHandle","","ffdff028","Data Label","Global","Analysis","0","0",""
"ThreadLocalStoragePointer","","ffdff02c","Data Label","Global","Analysis","0","0",""
"ProcessEnvironmentBlock","","ffdff030","Data Label","Global","Analysis","1","0",""
"LastErrorValue","","ffdff034","Data Label","Global","Analysis","0","0",""
"CountOfOwnedCriticalSections","","ffdff038","Data Label","Global","Analysis","0","0",""
"CsrClientThread","","ffdff03c","Data Label","Global","Analysis","0","0",""
"Win32ThreadInfo","","ffdff040","Data Label","Global","Analysis","0","0",""
"User32Reserved","","ffdff044","Data Label","Global","Analysis","0","0",""
"UserReserved","","ffdff0ac","Data Label","Global","Analysis","0","0",""
"WOW32Reserved","","ffdff0c0","Data Label","Global","Analysis","0","0",""
"CurrentLocale","","ffdff0c4","Data Label","Global","Analysis","0","0",""
"FpSoftwareStatusRegister","","ffdff0c8","Data Label","Global","Analysis","0","0",""
"SystemReserved1","","ffdff0cc","Data Label","Global","Analysis","0","0",""
"ExceptionCode","","ffdff1a4","Data Label","Global","Analysis","0","0",""
"ActivationContextStackPointer","","ffdff1a8","Data Label","Global","Analysis","0","0",""
"SpareBytes","","ffdff1ac","Data Label","Global","Analysis","0","0",""
"TxFsContext","","ffdff1d0","Data Label","Global","Analysis","0","0",""
"GdiTebBatch","","ffdff1d4","Data Label","Global","Analysis","0","0",""
"RealClientId","","ffdff6b4","Data Label","Global","Analysis","0","0",""
"GdiCachedProcessHandle","","ffdff6bc","Data Label","Global","Analysis","0","0",""
"GdiClientPID","","ffdff6c0","Data Label","Global","Analysis","0","0",""
"GdiCLientTID","","ffdff6c4","Data Label","Global","Analysis","0","0",""
"GdiThreadLocalInfo","","ffdff6c8","Data Label","Global","Analysis","0","0",""
"Win32ClientInfo","","ffdff6cc","Data Label","Global","Analysis","0","0",""
"glDispatchTable","","ffdff7c4","Data Label","Global","Analysis","0","0",""
"glReserved1","","ffdffb68","Data Label","Global","Analysis","0","0",""
"glReserved2","","ffdffbdc","Data Label","Global","Analysis","0","0",""
"glSectionInfo","","ffdffbe0","Data Label","Global","Analysis","0","0",""
"glSection","","ffdffbe4","Data Label","Global","Analysis","0","0",""
"glTable","","ffdffbe8","Data Label","Global","Analysis","0","0",""
"glCurrentRC","","ffdffbec","Data Label","Global","Analysis","0","0",""
"glContext","","ffdffbf0","Data Label","Global","Analysis","0","0",""
"LastStatusValue","","ffdffbf4","Data Label","Global","Analysis","0","0",""
"StaticUnicodeBuffer","","ffdffc00","Data Label","Global","Analysis","0","0",""
"DeallocationStack","","ffdffe0c","Data Label","Global","Analysis","0","0",""
"TlsSlots","","ffdffe10","Data Label","Global","Analysis","0","0",""
"TlsLinks.Flink","","ffdfff10","Data Label","Global","Analysis","0","0",""
"TlsLinks.Blink","","ffdfff14","Data Label","Global","Analysis","0","0",""
"Vdm","","ffdfff18","Data Label","Global","Analysis","0","0",""
"ReservedForNtRpc","","ffdfff1c","Data Label","Global","Analysis","0","0",""
"DbgSsReserved","","ffdfff20","Data Label","Global","Analysis","0","0",""
"HardErrorMode","","ffdfff28","Data Label","Global","Analysis","0","0",""
"Instrumentation","","ffdfff2c","Data Label","Global","Analysis","0","0",""
"ActivityId","","ffdfff50","Data Label","Global","Analysis","0","0",""
"SubProcessTag","","ffdfff60","Data Label","Global","Analysis","0","0",""
"EtwLocalData","","ffdfff64","Data Label","Global","Analysis","0","0",""
"EtwTraceData","","ffdfff68","Data Label","Global","Analysis","0","0",""
"WinSockData","","ffdfff6c","Data Label","Global","Analysis","0","0",""
"GdiBatchCount","","ffdfff70","Data Label","Global","Analysis","0","0",""
"IdealProcessorValue","","ffdfff74","Data Label","Global","Analysis","0","0",""
"GuaranteedStackBytes","","ffdfff78","Data Label","Global","Analysis","0","0",""
"ReservedForPerf","","ffdfff7c","Data Label","Global","Analysis","0","0",""
"ReservedForOle","","ffdfff80","Data Label","Global","Analysis","0","0",""
"WaitingOnLoaderLock","","ffdfff84","Data Label","Global","Analysis","0","0",""
"SavedPriorityState","","ffdfff88","Data Label","Global","Analysis","0","0",""
"SoftPatchPtr1","","ffdfff8c","Data Label","Global","Analysis","0","0",""
"ThreadPoolData","","ffdfff90","Data Label","Global","Analysis","0","0",""
"TlsExpansionSlots","","ffdfff94","Data Label","Global","Analysis","0","0",""
"MuiGeneration","","ffdfff98","Data Label","Global","Analysis","0","0",""
"IsImpersonating","","ffdfff9c","Data Label","Global","Analysis","0","0",""
"NlsCache","","ffdfffa0","Data Label","Global","Analysis","0","0",""
"pShimData","","ffdfffa4","Data Label","Global","Analysis","0","0",""
"HeapVirtualAffinity","","ffdfffa8","Data Label","Global","Analysis","0","0",""
"CurrentTransactionHandle","","ffdfffac","Data Label","Global","Analysis","0","0",""
"ActiveFrame","","ffdfffb0","Data Label","Global","Analysis","0","0",""
"FlsData","","ffdfffb4","Data Label","Global","Analysis","0","0",""
"PreferredLanguages","","ffdfffb8","Data Label","Global","Analysis","0","0",""
"UserPrefLanguages","","ffdfffbc","Data Label","Global","Analysis","0","0",""
"MergedPrefLanguages","","ffdfffc0","Data Label","Global","Analysis","0","0",""
"MuiImpersonation","","ffdfffc4","Data Label","Global","Analysis","0","0",""
"CrossTebFlags","","ffdfffc8","Data Label","Global","Analysis","0","0",""
"SameTebFlags","","ffdfffca","Data Label","Global","Analysis","0","0",""
"TxnScopeEnterCallback","","ffdfffcc","Data Label","Global","Analysis","0","0",""
"TxnScopeExitCallback","","ffdfffd0","Data Label","Global","Analysis","0","0",""
"TxnScopeContext","","ffdfffd4","Data Label","Global","Analysis","0","0",""
"LockCount","","ffdfffd8","Data Label","Global","Analysis","0","0",""
"ResourceRetValue","","ffdfffe0","Data Label","Global","Analysis","0","0",""
