"Location","Data","Type","Size"
"ffdff020","","CLIENT_ID","8"
"ffdff6b4","","CLIENT_ID","8"
"ffdff034","0h","dword","4"
"ffdff038","0h","dword","4"
"ffdff0c4","0h","dword","4"
"ffdff0c8","0h","dword","4"
"ffdff1a4","0h","dword","4"
"ffdff1d0","0h","dword","4"
"ffdff1d4","0h","dword","4"
"ffdff6c0","0h","dword","4"
"ffdff6c4","0h","dword","4"
"ffdffbf4","0h","dword","4"
"ffdfff28","0h","dword","4"
"ffdfff70","0h","dword","4"
"ffdfff74","0h","dword","4"
"ffdfff78","0h","dword","4"
"ffdfff84","0h","dword","4"
"ffdfff98","0h","dword","4"
"ffdfff9c","0h","dword","4"
"ffdfffa8","0h","dword","4"
"ffdfffc4","0h","dword","4"
"ffdfffd8","0h","dword","4"
"ffdff044","","dword[26]","104"
"ffdff0ac","","dword[5]","20"
"ffdfff50","00000000-0000-0000-0000-000000000000","GUID","16"
"00400000","","IMAGE_DOS_HEADER","128"
"004000b8","","IMAGE_NT_HEADERS32","248"
"00400080","","IMAGE_RICH_HEADER","48"
"004001b0","","IMAGE_SECTION_HEADER","40"
"ffdff1ac","\"\"","uchar[36]","36"
"ffdfffc8","0h","ushort","2"
"ffdfffca","0h","ushort","2"
"ffdff000","00000000","void *","4"
"ffdff004","00000000","void *","4"
"ffdff008","00000000","void *","4"
"ffdff00c","00000000","void *","4"
"ffdff010","00000000","void *","4"
"ffdff014","00000000","void *","4"
"ffdff018","ffdff000","void *","4"
"ffdff01c","00000000","void *","4"
"ffdff028","00000000","void *","4"
"ffdff02c","00000000","void *","4"
"ffdff030","00000000","void *","4"
"ffdff03c","00000000","void *","4"
"ffdff040","00000000","void *","4"
"ffdff0c0","00000000","void *","4"
"ffdff1a8","00000000","void *","4"
"ffdff6bc","00000000","void *","4"
"ffdff6c8","00000000","void *","4"
"ffdffbdc","00000000","void *","4"
"ffdffbe0","00000000","void *","4"
"ffdffbe4","00000000","void *","4"
"ffdffbe8","00000000","void *","4"
"ffdffbec","00000000","void *","4"
"ffdffbf0","00000000","void *","4"
"ffdffe0c","00000000","void *","4"
"ffdfff10","00000000","void *","4"
"ffdfff14","00000000","void *","4"
"ffdfff18","00000000","void *","4"
"ffdfff1c","00000000","void *","4"
"ffdfff60","00000000","void *","4"
"ffdfff64","00000000","void *","4"
"ffdfff68","00000000","void *","4"
"ffdfff6c","00000000","void *","4"
"ffdfff7c","00000000","void *","4"
"ffdfff80","00000000","void *","4"
"ffdfff88","00000000","void *","4"
"ffdfff8c","00000000","void *","4"
"ffdfff90","00000000","void *","4"
"ffdfff94","00000000","void *","4"
"ffdfffa0","00000000","void *","4"
"ffdfffa4","00000000","void *","4"
"ffdfffac","00000000","void *","4"
"ffdfffb0","00000000","void *","4"
"ffdfffb4","00000000","void *","4"
"ffdfffb8","00000000","void *","4"
"ffdfffbc","00000000","void *","4"
"ffdfffc0","00000000","void *","4"
"ffdfffcc","00000000","void *","4"
"ffdfffd0","00000000","void *","4"
"ffdfffd4","00000000","void *","4"
"ffdfffe0","00000000","void *","4"
"ffdff7c4","","void *[233]","932"
"ffdffb68","","void *[29]","116"
"ffdfff20","","void *[2]","8"
"ffdff0cc","","void *[54]","216"
"ffdff6cc","","void *[62]","248"
"ffdffe10","","void *[64]","256"
"ffdfff2c","","void *[9]","36"
"ffdffc00","u\"\"","wchar16[261]","522"
